{"version":173,"hash":{"type":"Buffer","data":"iY8Vms2uPIknImvKy1fJ/NctsBljgdfi8of4c7Eu+QPQbPg8OuHrnxFwjEePpQ5pIKIQxGYt4xeJecNAHdNk6OM3NrBHtrkXHJxqFxcji+eUakEIiiMY6qi/Jh/JmWOSFa2rXlTMEiRw7lzbv8cu5NuKDFfq4IFyp0INMfUcNSk="},"indexValueMap":{"A2KaX0ZSjJeR9TOZFF1mukL7p5Npl2oMf0wlqC6aBQ8=":{"valueMac":{"type":"Buffer","data":"eU+//QGmBCKeu/HGfaI1yCy65RTYeka2mLrCZJucTFI="}},"CaTFftGmij5O/Rpkylj5C6uDIRqt2f0UZkW6+xIz4lI=":{"valueMac":{"type":"Buffer","data":"fqt1bQ80bWNFlxXwWcEXEk4gfne9pKU7GHbNV+z8Cb0="}},"CqAC9fL1cMSv3cFD1OL8ElK8Rg+frXJSW5iOCmvgnXY=":{"valueMac":{"type":"Buffer","data":"Wx88iEd6D1iseyAt6HPUyxm3QkH4rq+Iymxaoe2A0bI="}},"DpdHXYck7F+gCA4rUZeWeiLN4YLj/h7QdY0Fxn1DNYg=":{"valueMac":{"type":"Buffer","data":"3iiUkaWjiE0c/MIVs/TKzPuqdHPNmOMe8yfLUoWuJLc="}},"EfqDUGgeQMW+xc6cKBud5EMa6Akak//zzs9vdIb+o8c=":{"valueMac":{"type":"Buffer","data":"d7rqsgF9+P0cBb2yIz8EC5jxeeB++Ez81l2S7QOVg/c="}},"Ef6wf+EfJPuT9NqlJl1aJj2voE8DMKgK1npseL+Hlo8=":{"valueMac":{"type":"Buffer","data":"tMZw8+iDk424Jw8aHGZI3LCzTKdntazgRtOjeoUhOCI="}},"GuKM+86JXIi4faPrzgc+lT+7vBR2I9KQfYP8TlTfs30=":{"valueMac":{"type":"Buffer","data":"47lPhxNilZLHnJ5Gscteb0l3nGCC+4QDHJJujb+LCG8="}},"HBKmQpZWzcxkgdG5Am19lAmgQKamwe7ShRN1+XMhkHM=":{"valueMac":{"type":"Buffer","data":"UNc0WmuXW8eM0HPXFObZ0j2YDu38WP1k+wujjxunONo="}},"IgDwHwmfYkFd1wHJftuhS/0q8s1XCvgGX46zsM1Jyug=":{"valueMac":{"type":"Buffer","data":"/naDyCrFw8WST4yBMO+106kvUyr1aa3j/bwI+ZSWFPM="}},"Iu3eMwxtUBVg8RQHNglPMvG5Xla8pam2dUYQFy8JkYg=":{"valueMac":{"type":"Buffer","data":"mdNz5xTKLCLd5EiKqxWi5B8kUQXvDbu1HGUzOliKXqg="}},"I8CkEKan5krGVjufxKBOs/J5dzlzb7sFQYTYdk4+fDs=":{"valueMac":{"type":"Buffer","data":"FGNB+ReRr0+8Fa4WgsZD+R5SVtsKMVU1tODepshlMXw="}},"JiERN9YNduBEiZnEyPaBt7rVz5/4Bg9ljOsqFIIF2mw=":{"valueMac":{"type":"Buffer","data":"14P8kEz24Hto4jawwowXmXWTyvvrntqv6XbFxr0BZPU="}},"KDLgXYEf1Dh+KAlTY9rKSXYkrBDTCqu9+5s6G+NDW+Y=":{"valueMac":{"type":"Buffer","data":"q0o4y02/GOufD+dujv8kmq3X7QtMmfyk4tl9HOQqOmo="}},"KrLvuyf6l9Zf0UPhHKl01EzrJnBU1APsop2WQ8XgncY=":{"valueMac":{"type":"Buffer","data":"hkcxk5tdkHZ+HSvj1rOxukoIFK1DVQjI7FhqLCFp8wA="}},"KrfMhxuS3c4+RREHUChwJAu7YYo1JUA0sZQBmE+vFGw=":{"valueMac":{"type":"Buffer","data":"8r/iPWR+Tjgnswj2bmyPDhPdZHOcO0KeMK+Ba6P8wYU="}},"LmL/I5Qfjkytzb9z7C3Qn/Un+3oP0UovVjIY1hbHoew=":{"valueMac":{"type":"Buffer","data":"zm4PjICLckdmgVuPTrkxX8tYAgDyNPZ/D6+QAVRfZQM="}},"L7YS1gWs3Of7AeiYf9b0V1I/aPYpvlcFt7Ux4cEr7oc=":{"valueMac":{"type":"Buffer","data":"oYr4C2/m7/9JI8fXl+XkA1fXhpPr52/yVzNUscGehxE="}},"MIWv+hEd84zWcIvuuGI61cYDkF+ZvBFaeqEbqsJZ8sc=":{"valueMac":{"type":"Buffer","data":"zgg+vXXGmHAbgOFC0wIqL5mPBa816rQR3Hfqa/Rm+/o="}},"MLGsA5uJgz7kdVUJRPDMKaFMu9Iyvz9KsfI0///PdXI=":{"valueMac":{"type":"Buffer","data":"X+rt+bkD/ZgWIi1t/M67X6AqGACEKjmCVVbNjsT5ceU="}},"Mcwkt/ylW8RazlmlbQpOi7IZ3JyY4z0ppaSX2vkLVF8=":{"valueMac":{"type":"Buffer","data":"eUyP0Fr9ZI7Kte66mQQiFNgdfyzHW45DzbepejeB6vc="}},"MeyPiD/2e77BWJ3UlGLZJ048vQrh6/JwHw2RczEmXOk=":{"valueMac":{"type":"Buffer","data":"3CoJD8pyM4K3w1Gk+r+DZXYEwZZv+XhCX5aUCyaG7ZU="}},"MlK4GkCehykj+7MXOUWTcrClshqSrStK9BfizaZm09U=":{"valueMac":{"type":"Buffer","data":"zKAJTzu9xNU3VZ4tZDEHwKfmoxHOOvzhQeaoYJlstCQ="}},"MpTiJLoY3zl9zXCKzFfxDTdYZiao6JbF7O/XaPcw4uE=":{"valueMac":{"type":"Buffer","data":"I7aJ/BP+OaCWsPfNQh/0XFcdij30G5MCJXObjUYo//k="}},"NM+nTYUW7RIBxQzoRuCfdrsAor23pmaDTtyYuCRyZJw=":{"valueMac":{"type":"Buffer","data":"YvIiHePso42P/cRtnc1iHW6WnlAPGet2yo907vTkiGo="}},"NeXhcT/BfKBRBpBZHUdpj1kW4FybVuFhuZ4h3tigark=":{"valueMac":{"type":"Buffer","data":"hfmeVtTMbD3aOqRuRXC7csNeKB9PEnRpvFaCEmXnrTY="}},"OnTK932e05q6RJrXBK5tJQuhG+lz4EdsyvjdeMW8Nj4=":{"valueMac":{"type":"Buffer","data":"30yWtLMxygceJWyxK6E+sgTHFpTC6w52LcEHLnL3F+8="}},"Op+QYkRxi+NpAPf/ZjdwbJajdAW7QVzgII6IrbvYmgw=":{"valueMac":{"type":"Buffer","data":"skzCN1O726HEwrLf8faq7yXpK9bXsqe5zEtV7tlNGbE="}},"OrOfPxxV8MYYtkyQtZNZuxaQEGfN3mH/SjhjM4/jnco=":{"valueMac":{"type":"Buffer","data":"3q21A1VqqUUZDU7rPUnV8ZS8KLCvp+DcLLdx5Mh42tM="}},"Ot4nDZhmmgzPp1QZa2sJEyEYZo2FbjhJNivsEWQJ3F0=":{"valueMac":{"type":"Buffer","data":"6JsapIZUCOKVaw/aUyFjEvkF2jmxNskxUuwNYeCYnSY="}},"OuirOf9gqzIgSGeL94rbbrzT610IKU68Q652BB6Set4=":{"valueMac":{"type":"Buffer","data":"5YjXMZ430bsCzuARjeuVuU4N+ooUupoUfvDvW9iLbaM="}},"PgLlg6bScuu/vdGrF4jtywUkIqm1mD8C0wojeEdUWLU=":{"valueMac":{"type":"Buffer","data":"/sQIyT2c43Q1PPQkBrTJc/VqkwyuehO4Jo/8XW9o1tc="}},"Pnv7mHnl0H6684PUl1kTpgDMfzyDMgz73Uq+ZP3WJRI=":{"valueMac":{"type":"Buffer","data":"gVlLCQC98uUKewXu+pwx73OFFb9WtuKY/6UazjFLxFI="}},"PyQWGB2/cA2r3M0yXKjMQfCpxK7xiF8jfdqf7t7bQB8=":{"valueMac":{"type":"Buffer","data":"YgSRpx3SglBcTNAjnBtMGgYEaNB6aDVt+082ml50tQE="}},"P89Qp1QWfYnlusaoAZLfyi1GFpdYEi1XUPcPYN559As=":{"valueMac":{"type":"Buffer","data":"vTew9nHFsbVWocZsO/pZgqk2GPzCEHmjRLxLl8nPTm0="}},"QIG7S16tz/KZQUvZe9LP0Z8nXl5dPNwhEsycPjXaZhY=":{"valueMac":{"type":"Buffer","data":"qhoTNlzYtK5WRh6NT1r8s9mnG7T1q9wURQxt33Z9ygA="}},"QU9sa7CzddqfGOCksPHjBL4MgvC+DfpLmw6YdZINudQ=":{"valueMac":{"type":"Buffer","data":"hVbHcStEPe1S3HfckXBFjPMo6sIylAexpVt57qh5gOk="}},"QzojJ0Cg/TOvnA70fFGPwihgtq5ZsmLhYrkwv8anSGc=":{"valueMac":{"type":"Buffer","data":"1En1SqY/u3sFwYYIghprhY5wOi2d9Lhoo6E7Sybk0nc="}},"RMIpJ3ljhDdXpBw2wTTiwNFzyhiuzZSQqoS2GTXKUgs=":{"valueMac":{"type":"Buffer","data":"mhbcXPKARPuBxEqdDQUEVq2trUYZCtLTbP64q9bNhBQ="}},"RNi4ydCPgOya5K26C4xvejP1sx4duVufSknShhQkA5Y=":{"valueMac":{"type":"Buffer","data":"Loo9/iXyZvxcO3KU0RLXoPeyvVxPhiUnyvNpKy96Gm8="}},"RTuGMHKTdZZIIZHfQCePlQYiQ+3Z0deCsvnuoLytULs=":{"valueMac":{"type":"Buffer","data":"J4MPBMEL9PNLMG/T1u78wr9k/LcEf9k+CFS4kqgU3NE="}},"RX7QHrw+PxvwUd2C9GOXStWN2GTq1w+q8Rf7w/5rcNk=":{"valueMac":{"type":"Buffer","data":"/mQUxL8YX5pX5OJ5K5fh4dRfta1GOzWa2Pxll0FMqiI="}},"RZ8Y2Z8aaj8VgkUuUrivKVbVGuxubxwCAgTb7n5GRVE=":{"valueMac":{"type":"Buffer","data":"tNXzd+OS4DgNcLobjOeUJ61ntEpnTefKaloxgc/430E="}},"RgwwwLkY1op45RV6sKy4dKQd4yf1rxaYPMU0vOlzOEs=":{"valueMac":{"type":"Buffer","data":"lA4/gxD9DUqMFY/a3qLH/7nFHtawcTmNWBvKv2bfm6o="}},"Ri40INiRy5lUfB1OUS7iKE9zR2s3PeaBgU/qZoxDKmE=":{"valueMac":{"type":"Buffer","data":"xcpIE45nZ5vyGNX7/8FWnLgmtpjJyX9zt49R5svRGoQ="}},"SVAVTPYFMXe6fvPdKbCIoE+B3/Fg+gPsgBhI8A8C1NA=":{"valueMac":{"type":"Buffer","data":"4dfr6jAVdbmFwV1j3ALSXlnCka/br13V91h/QGLEro4="}},"Sp2PQaEbEKVZ09e3G1jtiY2yShy5FBHMOyjbeTZ16Ts=":{"valueMac":{"type":"Buffer","data":"J1eGMt+0iQ+wgETO0LEziXjykr9oQi4DonqCCCq7ZCI="}},"VIKIlqMt0Wr6X/ypuZT6FSjP9UC0SUX+0IYnzZk6Cro=":{"valueMac":{"type":"Buffer","data":"vXGHazT4z58P/5wUEXFxAS5cBItEHjrla9ntXk7j53k="}},"VpYCbObstUTtJJU50+oVs2AVXyOT8I68YYMSkB2QVBk=":{"valueMac":{"type":"Buffer","data":"l6nRwqnDEebSDz7KH1soC2Nx7XgoaPuwrNdKMJLzO6s="}},"VvHL8AQmmrOU3XcM5W4ZP0F3UocPGzDk7YNc/sYYHzY=":{"valueMac":{"type":"Buffer","data":"ogKV+FrQ/tTb9xWffkZzUZwrZK4zbz+bJGCDQYKxviw="}},"Vz4A3RD689psaMjwYapVXgsTYfAzCQrztSMla8NFfV8=":{"valueMac":{"type":"Buffer","data":"F8clifnCUZO8ZZnbVafy0rQvqgknzqpzoxbq8hxXtrE="}},"Xerlp2n8bhGaIdvmbHZvrA+6Ifo6IDqIsf8O03VgELk=":{"valueMac":{"type":"Buffer","data":"x5zPrTFVidwQRKsgwluZtI86s5/gwbDCvYWEBoQJXFk="}},"ZQynHhMxD7Ohr+by0fZS9k+eworZ24LP+0/AADL6n8U=":{"valueMac":{"type":"Buffer","data":"fLsFMKhhSi4K/Oz8XxhJjIz8m5uXfbrHf7fIIs4+5Y4="}},"ZeHvosoXwWNR5FT7umX4Z4tUv9UXEKTVjQEBl5P6Ums=":{"valueMac":{"type":"Buffer","data":"NgY+yL/tJQi1Chmqiyj+BPSwkYC8s/YO0aaM7Kkl6PI="}},"aiZiQ6XA4uBNvp8Oh4IbeVajgYFj5vHesw+xZjKpDrY=":{"valueMac":{"type":"Buffer","data":"3kHy0oEY8hjr4AKqpOs7a4JE/RTSPkUu5P9Ayow+amg="}},"buez6OE3cMhzospqJP2JmpHEWVw1pnubOJ89jCv9xJg=":{"valueMac":{"type":"Buffer","data":"8y1fVegMPaCUXjx9xekN+UqDQ/yYAI/CaftS0dDt2hE="}},"c6NRIELbiOgDDo7QNe/w6dqC12W3rcyFAIuufvGvx6Y=":{"valueMac":{"type":"Buffer","data":"/RyxKm9DPptaqf/KGLjNXY2rhNW+Uc3+ApL7bOKyaUQ="}},"d7vE+6HLThFSJoQ9V04vioMioto0FeDAiB/Zw+RLlzQ=":{"valueMac":{"type":"Buffer","data":"sSQ4+Lx0L0MbCZOC7yirQwrOG92pU/8pcOMcP4T1iwE="}},"eJ2YD7izLmB2nHhew/Q6owXyh5kda5Lnwj4vjjEYbGc=":{"valueMac":{"type":"Buffer","data":"sRier+eVGnboqmsXHSm2uI//IwQAOd6eRHGt9zu27Nw="}},"eocmiS1CSOQqEd5vqdPcZsJBNFfVVbpPT63DOWS46y4=":{"valueMac":{"type":"Buffer","data":"qTZD/gGj/9SEOrv9DQ5oOyT9u2Cv+xama7nU6gqOjPA="}},"g5Ixz1xv160eWWt11mdA42bAY1tNhrjPXK+z+pxYep0=":{"valueMac":{"type":"Buffer","data":"J94i55juhHOfJTlqsK1opZ0aV+zZDfnoo0R/rAvc3V0="}},"hEbKPWshTwZ/dfOyIkKkxhdXibyqfmrcMZwU+8AXHzI=":{"valueMac":{"type":"Buffer","data":"VNyojY4l9FHtkN5fyMFQumGC+IrrD91v3bpD86kEbHQ="}},"iR82QgmpgyZIU6LvHz7kAws+cmag1ahh3dRtolH9yRw=":{"valueMac":{"type":"Buffer","data":"uOr20bfXJJxnA2/bm7Xzm77zI2VZMaWLWOCjOcjeseo="}},"jAI3qHFOlEtq/6PilTe8Cy6Ml8LdWfUXeMHl8BSY89U=":{"valueMac":{"type":"Buffer","data":"jBsXq+YcmTxxDNs5OCK+ZKvc4aC02Rwyqp4W19zI8Z4="}},"j7PA3Y6iOra1372TdW3b4DMG+1dJcoCec22C+eP6gBw=":{"valueMac":{"type":"Buffer","data":"Yi1I14piqOhkRI0u7wKUvCGA28X053zrvAEDG4k4sqs="}},"j9pLMcoBZvKOmz/VsA65kKwEa6gTm6pieB6lNSwoeo4=":{"valueMac":{"type":"Buffer","data":"hRF3IqqHnzR77Yzsp00B0Yo9xdVVsXIeIjNVoqSlKlQ="}},"kTJspiv3HcwvsK4yRFqxNL6zqbmoy/hOiP+tqr+7mf4=":{"valueMac":{"type":"Buffer","data":"ULfXOdq9vckgbS4Q8JxCtDdz4QwnXCaLPdDr3v0TL+w="}},"kXV+5RHOohnLnuCZrcWcvjLYfq1MvPbakQLtC2XBfdE=":{"valueMac":{"type":"Buffer","data":"4wY8T1iOZhhom3VLzQ4pHdAIJAZBGjVPfNn6T+WMC/4="}},"lwxYD8Bi6WAiKyfgTInzBUcx1HjPFy7wUIKXsWxaSls=":{"valueMac":{"type":"Buffer","data":"yCHWPHUxSNcX4Gldi8iyT9mWJwwUoztFZC/7hbmG8L8="}},"l9GRrfLyMkfw8TMwffOvJ25JQ8Pz9mhSuEN9fWNAgYo=":{"valueMac":{"type":"Buffer","data":"BifrjVP6xwYMa73X1pr5nz0LVrWEjjiNASQSMyaB4Uw="}},"miMWmvIlq1pCdIi+ga2wO87F6fwXqGR/ctCCk85oy5s=":{"valueMac":{"type":"Buffer","data":"4qJ6f37x1yM/xp6SaLWtdZglvN2LvQIr+sGLhP8Hy7A="}},"miymsdv9ocOYiGSen6WiW1MevCrhjNlREbF8BSPYiVk=":{"valueMac":{"type":"Buffer","data":"sbQYM8y1whyq77nEWR8kuoFMsn/609wgehobMB9nZY8="}},"osC79gjQY6UKaCeQZKt2XoL+lW1ED7FX0ZbEwNuENV0=":{"valueMac":{"type":"Buffer","data":"PBlb9KB4sfp8Mlb6Mk71bVHiejth8TmHieeXWZmn5Z0="}},"o3jsPwCkKiCRRX0jZ9T6b68JDvWawbV3bL3GarA6EsM=":{"valueMac":{"type":"Buffer","data":"Z7CkPr6R+PRPbL8To29e153ofgSgT1S3jXK8DO0+Ibk="}},"pqeTxD13VNbBSqTVjUmBOfyY+5Ni/kDpVyl3LIa7itQ=":{"valueMac":{"type":"Buffer","data":"imZ77C7KFjxiUqTeNBfWXbfQGrZTvYcRaZi6AdP5ZZ4="}},"qBKapso9AgqohTZXdG204GRzobz9qXY+7s5Va/JcFhI=":{"valueMac":{"type":"Buffer","data":"r8HZPaK9fR0lhfN/c6KKU9ldFnUBD5c9Cg8GqiAtCXY="}},"qEdFXS9pARk6LsHuFjnBfde38p6K6LAxqpfh78AH+x0=":{"valueMac":{"type":"Buffer","data":"WFwsWvUJfnYVxf4RX5FvHp4eJvtOdwKrk9S57Pqbwuw="}},"re+LIwBuA/VLv4fSHZU58UdbHclQRsS/A0Ng9/wQh4I=":{"valueMac":{"type":"Buffer","data":"ChRG1vtomRmQUBnHwa/cZrQEJ7Fe49RA5IO3kUR6H+M="}},"r86jEXntSFlxxjqVSr0KU1yWRqd4o7zY/aVBvVktpfs=":{"valueMac":{"type":"Buffer","data":"yrzF9sV0JpxAbLtBjffDdnGllxl+aipv+T1GN7Kywt4="}},"sLGw5sUEhgLuWf/mY8lX6OtWeCISwzn2t7EecRMLAEU=":{"valueMac":{"type":"Buffer","data":"g/Bch9Z1SHK6ZTPjsvcS9LjYd8qB+OO2BqhukT/yIEA="}},"sdOjXvq/nXWqrrjtK8ngJEPKkZZ4nOksCsukSOnMdGc=":{"valueMac":{"type":"Buffer","data":"y7fBKhmPrUtI67riOdNQMdFDABmTr9wFFlKeHdmhjRA="}},"th4EeWk2OTESaujTSLsxZPAMz+cf6rYyMxDiHtQYNlQ=":{"valueMac":{"type":"Buffer","data":"39M10ft1O74kGpDVzKl/u82ejEd2YYPGKyY3fhSwi2c="}},"uAHttfDmeGX2vxZlt8JE9JivxpIII9gwE8mpzaMjcQU=":{"valueMac":{"type":"Buffer","data":"/RduG4jUseLDAuuF4P8uqyqyWXKMIhElZrZr8d2UXos="}},"uKX9GpAeLkhaLIoyDww/SaNV5GxmRSP1aW8wyaTHiJ8=":{"valueMac":{"type":"Buffer","data":"7B9kKzd98iSkHj9mhk4ITuh/oijbyoIkPbipHWPz9TY="}},"uMVtFIsJZxcdQmNgNoqeInvtBz2o2awrcmnQrC9p3r4=":{"valueMac":{"type":"Buffer","data":"Y70+osj7YRzG1Kv4kZv+T/Zal9B7iD5zdpEHSL0s368="}},"ueJhIc8kIZEPpRzQ2yUKi9ZIMnM1F8UaquJg7rnc7Yk=":{"valueMac":{"type":"Buffer","data":"qCNRKgNfh9Jb+btjmOKkaZkGNuqLMjOfuoRRS3d0Pic="}},"ufR8P9m34GLIUl2TPMnFaWV1PCEmG4awr92JirDqMnY=":{"valueMac":{"type":"Buffer","data":"xsJ7ktNcPfYuNyttCN6BZ0yFZQH1Bd94UlG9x+OKxv8="}},"uv+AGVUYycWi26cN/9v+zyGbgsYkITXIqwQewre9Hbk=":{"valueMac":{"type":"Buffer","data":"v5VwF2msajAxugbtA7H/SDgdOrAI27wTa9e5+uagjE0="}},"vyNqqq9Af5a8WCSx2RLNNRVkOsxNiunivlDwqeOGJcU=":{"valueMac":{"type":"Buffer","data":"R7dfIhR2nVvjnosrF8XRfrKVqb/JL2vGKt0NlHKY128="}},"wqtqIWRTy9i/JQ8i4h4RQLNGOtMUz4pEvP4FkvoXKNo=":{"valueMac":{"type":"Buffer","data":"CK0nZs1sy4eBe8LKPrkohleuWEgTcnXH/vghjCghA7M="}},"wuNokZzY5zjWhdF/8hAHQggBQ1Z6JZwSvbWKnQSejSM=":{"valueMac":{"type":"Buffer","data":"CLAxIBK7rDAQpsE2MYR25yo6O+8y42tmUrHQqGXXCko="}},"xLQVNn89lvfYR5+p9i+pn7+DteAiE/VmBHWXctsiI88=":{"valueMac":{"type":"Buffer","data":"UNQjLZs19EaothwZIJ2Xo2wmQzypXi+FdKb/xALH3PM="}},"xdCc+J4DZrt28IcCO4sdApN8s14qNBf7uRjlHOFor4w=":{"valueMac":{"type":"Buffer","data":"TyRTA5TbPPsWH4BeCadbulqndwfabkyRaMUTBCAK6ME="}},"xol4y+WgZoChNHxIZFWVGTH16+NMleu1EfgXbEYEI2U=":{"valueMac":{"type":"Buffer","data":"BXM/MBnjLyNtFmWJJBEUlQELWysHcy9uLhFtChBC+j4="}},"xtE3LLLMGRtZyhBNLDj3SQjtDZ2UenkadNADHHTwP28=":{"valueMac":{"type":"Buffer","data":"djapHFJ3Y0fU8BPpmim3IpthbFXNbS79UfQjas7B1cs="}},"yPKqaua6OgK4tdm0iFc0KkkLAZFBFGgj1szroRfz5zc=":{"valueMac":{"type":"Buffer","data":"ChKaGoNHnUnEo8JOnMa3ktT9AnpKr5sPjvNeliN1/8Q="}},"0vqPmePg+PGeq9tiJezem/hRNxjjEAbOqI/a2l6VYqs=":{"valueMac":{"type":"Buffer","data":"anbr8/Qown9bLv2U5pIjU0PX7U4iW8qK7bG+E9yWBsQ="}},"01wxbmioXzdFH7vKSZSosySuxtxycNbIlC4o+v8tXb0=":{"valueMac":{"type":"Buffer","data":"9RQQXF3xJnv8+0YoZGM4/25fpKvb+WcNvE+6Tg0Fpjs="}},"08K1MvkmmzarKkDO/bvqL1afIgDG4/Vm6ncCbZ0NEY4=":{"valueMac":{"type":"Buffer","data":"exZqaZSrOEORJx/7izr3K9VZXa36Rl2VmSTtAP1kmqk="}},"1JsiC/Nxkbv8WyA70uVG9+tYt2udbNtgpoWg2LyyWtk=":{"valueMac":{"type":"Buffer","data":"GyJr8iEdm/kTV1S33UReWnlRJRFpyhRU5YDobDEhvqQ="}},"16kdBloBwDaBIrC5ts21kBzHky+T5usjiEfg3THkgk0=":{"valueMac":{"type":"Buffer","data":"s8X9J4hvNdezGVPN4ZAMuLgLdd+sLXkz03T9w7NYstE="}},"3gMZFoNNjnYI6r8VETHOV3knbREcLMHyeaQ0UoaLPAA=":{"valueMac":{"type":"Buffer","data":"fGKHslrpjmpR/wkUUKpn5JiJ6jB4pFtKCzifRnoxyyE="}},"3i9ZTSZ5zhe2XnlFJcqSftzrg2FB/ltj+b6bfyvLqmY=":{"valueMac":{"type":"Buffer","data":"agR8C49ZkOiBFEi4ltmgyO+MxM7fNu9BTR2YV7DoaTc="}},"34OeQgHOp9adKl17Dah1j7AGnlN6FDxZgBVQJiDgbQs=":{"valueMac":{"type":"Buffer","data":"4gdxCmuEAkERF9gbZ4UlX++Z3JZPdYIAZAsxTr9sOUU="}},"4hyAEy8h9Y1X0PzWDBRNDuGXnx88T7UE5LxkOqnEbPU=":{"valueMac":{"type":"Buffer","data":"Cas5zMGO3qMrbSbql11cMuo9lJC/my33mmBykKqwS5I="}},"5MMJBttBN4jI8SOJki5dzDI5Sg8XT43qKBCgb0xUovI=":{"valueMac":{"type":"Buffer","data":"vEuXzaQX2tkokfOlS6SiVDoUWp+qgpD5y3ZhJ+DJ3M0="}},"5pjhS2+NrEgkDA0qfzzJM6y3fsN/SPYl6NHMnYtQp4M=":{"valueMac":{"type":"Buffer","data":"DdA6/DcHFgBWO2tnEr94uVVmYmIHcHIeP8G4+jAc6rE="}},"64uNTN7Y9YjoHeWbCtfZoxa+WB9UG/CIjEjpfDmJI38=":{"valueMac":{"type":"Buffer","data":"LGM2PravKFC82RqFAAXmIFIePbuvJeXabb6I5r4amJs="}},"7+vMGwKRws+ihAhxWjyo00fsXOa4qpzLTXnOEp6W030=":{"valueMac":{"type":"Buffer","data":"3j71SokmvEEzJbk2s6Ah8E/suB/D5f74Yj3/U6Iz5pU="}},"8DlVylxXTEi9OKw225sbV4LCihZftZ39d/eApfCU75U=":{"valueMac":{"type":"Buffer","data":"D9XTc1UJF2OTXRnqDLpCoiNAehPcwNcfuGA9XA6UoM0="}},"9km3sikVMfPIOCHCTL1ayPYvTDKeqfbl3tfsRK2cCzA=":{"valueMac":{"type":"Buffer","data":"VBTLrvRBb39x4zRGwlX/6f6le2xooQpNt0GbyjFiFmE="}},"+A0QR6H5hbUGJQg/uczeGNCtswb1iFkV3Jy/XvMpq8Q=":{"valueMac":{"type":"Buffer","data":"ycykHya5ZQywxWoIlK6lZyc/fcu8mqZKz0cy+TUvZRw="}},"+jr6LAKbh8r7rHMJ94yQ3IWVJzWQRoY9YVxzTYYh6KE=":{"valueMac":{"type":"Buffer","data":"gK69ikGqzPSkYX5R1gEKPtIsVPJeq7fEz2dZcMkabbU="}},"+zbdcEmfPz3xYBQ6EEsuZphwmVqgGZgA2k2RMBc254w=":{"valueMac":{"type":"Buffer","data":"WIWkrjH5OuKPoAG1k/oiqjXRKC68uT4KCii/an6Qzsk="}},"+9zIAg7fHp9BJ1WKHIUQrWoDXccF5YzoIdCj977vSi4=":{"valueMac":{"type":"Buffer","data":"CIKU1cuidTkQfHzy4S0FPCa855brpgyJHhA7hDf8/TY="}},"/V0XOAOLuVBa3jornaWj2eRora8zqTjjOy/ul6EEjy0=":{"valueMac":{"type":"Buffer","data":"hsS4LolXDjsVcZPKUNdrtvTZzyq/gsQf9gfkUOum5u8="}},"jlkV7MLA2gGON3zuUkCkWm1zY/x1euu3r4RCshaCVAg=":{"valueMac":{"type":"Buffer","data":"qxc1M5dIEW/smDjTem1gbZTlxSQ7iuqdINSLUrd6kMs="}},"stqkMeJbqDc/HdoQjyEGQHXx6KRensLbdEPWuGdmdEc=":{"valueMac":{"type":"Buffer","data":"g6RMGK/CdtW/vbHhi3Tjje0Z74lIKWhyQZ8wIrf8aFs="}}}}