{"version":25,"hash":{"type":"Buffer","data":"Jz8xg0hBxjrC07ZnfACEzpRqozR8OyMbH8MbprAHRhIs28sq5xIwTam0RRK1ANv9SL3XVwUV6rIQ7S3gGnMzcYhUSKmJK/DZQ/qY38qQmRWCjClK3rBcDQKlVHzSOu2AhbR3jQBOXOm3Q9ZKtMwGZFBTWfNM41CvhD4lb9cvpj0="},"indexValueMap":{"AC5beUOh4zw9K5Ns+eHQLkXDJYSLZL8quiK02umYR54=":{"valueMac":{"type":"Buffer","data":"S3rnwwPDrpxFDRc0HxKWsTKlWePfofKoXcC6q+lmr9g="}},"AeLS+X7kkFznJmAxte4L3k76yYOOUMT+Nqpb0QUWBJQ=":{"valueMac":{"type":"Buffer","data":"UsC5oeHITHQgjJKHAeFd6aBuekrwHdfIsExRjgpwYHM="}},"BsN45dVzsBWux9KZDoWZObvj7ufRboJmhrRE/Q0A4l0=":{"valueMac":{"type":"Buffer","data":"xrYYQUuyCFenJV6EfsKRdlJ4jCqpZH4bxPC1seNJyD4="}},"CJ8IIkRNjVjZok7gc/sfLuB3b85MEKUsJLCJYz8ADO0=":{"valueMac":{"type":"Buffer","data":"DTTml7gwr99YF73+73pOpQlKUl2CSr8WN1KR+55dxb8="}},"Ft/AGdeoXVvrUZfRSCxJtkJRvh0KqakoaraWLpW+I1E=":{"valueMac":{"type":"Buffer","data":"v55w05gj3NF8GBQOprupvRsUeAm46BbisIH8+6ER8s0="}},"GhQUCXF0g319MwFiw1ktDL8n9ZfzVmtR0RaX5TIBLqU=":{"valueMac":{"type":"Buffer","data":"LnPutSBQ34uuxj1IQN2QPT6ZmekxMyP2KEEGCLa7JkM="}},"Haqt8xDbg4NcGCbUZKX2Lzk++B/HDOBFxz24C0k5WxA=":{"valueMac":{"type":"Buffer","data":"nNJSfVmL3EiD94/sS6ZgHtF/X75rnJnNspqbvxMlMjw="}},"HeazCsOF8oKdIfUiKk2KEtAJG6UZDF0IzRoDtC0/jwc=":{"valueMac":{"type":"Buffer","data":"ngxedAjThvLpG9384M4ByZ4gOZHBK8gM+2MS5c7V9JM="}},"H09NU4GIFVaODqy+4AUhclESiWg8+DcVSdFMxknNVaE=":{"valueMac":{"type":"Buffer","data":"oHUAEJXL7qEeS+oKz0pQC0jAtjGVlF2ePCOohUz3tlg="}},"MAJKuwwmISwTEOmPSgyb6O46L0nP+a2YXiqzteNpRjc=":{"valueMac":{"type":"Buffer","data":"IUFGvXdGsw7sFayMa0lEKkYLtBq9VnW56F0mabw3DAk="}},"NKf3/5u+QK6W0acQQ9/Zgsv8mbQ0wlpUDfa7+71StyU=":{"valueMac":{"type":"Buffer","data":"EEUuba8F/i8pnUzFSmKJ3a9WkcxxHNWreUynEqIy7YA="}},"S81UGbVTbGOA3eXGOfdFQWjr2mv6+Db8VwqvgNFFOIQ=":{"valueMac":{"type":"Buffer","data":"RcxMBXYz+tDXKRYmIgGsFy1lExDsXby8l4H65cj/hFU="}},"ThN9CWoGf2vQDNPPv3eevz0FkZd16oK4PNnaYGVICVM=":{"valueMac":{"type":"Buffer","data":"p309BZHouEGcpLA3oIM0/hRE1WerSUjcgcnZ9eEr6v0="}},"UoHPL7aCfv0UA7h/GPbZhK9d5zpurZfj4dUvp+kpH5w=":{"valueMac":{"type":"Buffer","data":"kz2WuJFCEPGTCUMvwIg5tZDvf71TkUBuMxuORYk981g="}},"VVE0uwPGyoIJqrsBQR/39uvIxwZ3J5YfPZdA7SnjjV4=":{"valueMac":{"type":"Buffer","data":"txkHChKvkC7Ig2TvxM6KFWIvlWQU5Rrfldr8Cohn5+c="}},"avsqxmsJ3aLafVbhU7nlVgcW8Zs0F8oGurV6KZKnR9c=":{"valueMac":{"type":"Buffer","data":"LoK4rGj7wrDk2qGNHyC9v3Pu+3N7COtiscxFSpWNDhg="}},"bIRlABpJFulTyImOfWNba5mOyvYM5TXr99WMROpapVA=":{"valueMac":{"type":"Buffer","data":"yek8DvU1dC0N36YPSIejOjJTn1nxNPfKxWPLcmkvCAU="}},"guoI34UopvpLo9SimP44HYVhNjZe2xEEvSj9wLrXs0o=":{"valueMac":{"type":"Buffer","data":"4DVxasicP70wOCv8yTvnMJmLdqxqXNF2Q21P3jb0dqQ="}},"hdgLnB9rLT5UJKoKEIaXBtFgIgYs/H+UmA32imhJFpM=":{"valueMac":{"type":"Buffer","data":"hysr3b1Kv0zEPZypcJgFtN/Bm6Cok7YVQ8wLnSKzQns="}},"iY4weeJwtn7vlsG+J6AKEEyZ2bRkbkGuvrilDNuCmHE=":{"valueMac":{"type":"Buffer","data":"kUmMQFcqpQesdbNhS0SnlC+yD6a+ZWT2wYKq0YJ70y8="}},"idZGHerToBw2qf3iQ971pFNH+MYUimzzs/aUqr1fQuM=":{"valueMac":{"type":"Buffer","data":"Dk9AlSnXxF0adijXgXPxFtVoNepG05sQciPFan78rkM="}},"jfwUdWzZSCSjb6nSS+cG9UwHq1v0ACQ9WED5IbNYVqM=":{"valueMac":{"type":"Buffer","data":"mm/5yQVNcwdpn//C/QCagjVotMJs5k9/52eeg4Wl3yM="}},"kd+fV5kaMJuR3IIeP4Vd1d3AzHzlH+ENjaPWO5VCopA=":{"valueMac":{"type":"Buffer","data":"lHgkOrQOkP0jwWAjiBBCMGpXPyEbqheesPn1wacLo28="}},"nioobdCCQpVdlYTViW21frks/NiL6wVktOS5H0ePKws=":{"valueMac":{"type":"Buffer","data":"YVFNEPdhUgPt7xsr6hrHGMSP3xnHdZ0czOmfCDaFGug="}},"o3kqRQzLaQ4ChKy1rqmd/UvD6/e1g2SKTw8tp3Ip3fI=":{"valueMac":{"type":"Buffer","data":"dpM/OI93TQXEjbZFzPekAUwnGesFPYiTQVWvPYF2Qe4="}},"ru1blsYH6pVeavMIjqBoSQwe936odmR1+15LldzjqJ4=":{"valueMac":{"type":"Buffer","data":"cVTAHsIC6j857JN1jVlDa81QgqrFPYCafn5vGleVRIY="}},"uIzIsEo/16g1KYpYknsxJZdQCoIZPJ4fwxmPrkLuAig=":{"valueMac":{"type":"Buffer","data":"t1zIDesP0AZi2NU93IuCS5k6aSY8czyVjFVvMXxsqtg="}},"ufgBorwzU0C6c7KJ6nwS9nFoWWuGClicdfMuvXJT6L0=":{"valueMac":{"type":"Buffer","data":"XVOgXVetwzgVBML6yi0oGXqAzpxIPPcbYLCn2nN4zpg="}},"v1KA4FqyoJPusuGOkAAtgmzT6kI2pHMdhovGyEDkLQM=":{"valueMac":{"type":"Buffer","data":"NGGMgq98T4jK8Cko1R0yTHoZSGCtQjNpB3sySH5ihk8="}},"wnu8i1MkmQvOItte79rcZEVPUKQfVh5/CHokAAFL6Vg=":{"valueMac":{"type":"Buffer","data":"QWgyuqdMT3PulIgtwFfdC0+OxfoA0ZU5fYkYIFLxfmg="}},"yAbpctELEBWnranVzCE6Tt8BL1AsiZ7MNn6/iVzmXGk=":{"valueMac":{"type":"Buffer","data":"xhbkgpfhYPEIxphCx/+xc3PRLhvmul9OsiCsF5a5U+s="}},"yT772xi2jqyZsfcpoLEpJQ6cuErqPge9LJJkN2gHtbY=":{"valueMac":{"type":"Buffer","data":"+zVeLNVuYc+99kT07NKmplYVJJU+94xXyia6blcl9+E="}},"2HiVPK6SyXiCfWPZRlREukdSB2u6yOV4DaYyimpEuBc=":{"valueMac":{"type":"Buffer","data":"omCqQDH433xVFRJocCx7go1j6VAHw7PMVvu94qfwWa4="}},"3ukKSHzUhIR5cxNarze8on+yvcvcZvaJtrk6VIqX/R0=":{"valueMac":{"type":"Buffer","data":"Ggr4hqeZKJKq+nmaeOI4mI4hjxF91iss2yx/OBYYWJo="}},"3vbz3SL/6cTYXbolwQboa9yRyYuwqkvNU4xLDmX2BRg=":{"valueMac":{"type":"Buffer","data":"0gEdrFhDczzORTW8kmbgm3z0tYSkOTxB6boedk3/vrg="}},"30KwzipnbMQs9OHvVRQMNjYXtMNTbOLUnZ8b/1FVmlw=":{"valueMac":{"type":"Buffer","data":"AW/94iIn8NE9E1G8xdpFaYKnXoUCXqtsBD6uZQFD1d4="}},"6AvY9adUdDEB6VoG/MddeUmtNL4yy0QohhaVf8LEIX0=":{"valueMac":{"type":"Buffer","data":"Q2FrNlxAQkk+dV/91T3v8uth2T/LiozUEcLbSq51Fsk="}},"+U7Yl993FY/Qhyk7syCvXm2FwwB5Z6hszX8ob51p0Is=":{"valueMac":{"type":"Buffer","data":"bKnLm5mHCBw0tE6CISpNenjz3pjxzPY1rtDVK3pRfCM="}},"/AsIVSjgVgIs0QxWAeLKxnIeTjx7FbVgBKoxV0e2YEw=":{"valueMac":{"type":"Buffer","data":"Xl27trtahGuCJP1Eo0pXHCXK2ZsFPxK8W/BQ4OU7zQk="}},"/qEprZfpXS38cj/tH69uogU903M+f8cUDOE42Koiojo=":{"valueMac":{"type":"Buffer","data":"OUo5PTVgTKG+dudgoyuCUPBv2twnzzhXP4wB1VI1iVc="}},"VsBmxd5PyBk4qY3qT9/iDIpqeAash1+tL45VBoxX8Fo=":{"valueMac":{"type":"Buffer","data":"f0cV29WOuPghctfumMVZRduKjcoE1mnNbPUPg4TAAi0="}},"uBDlvCuvX0z0wIIkJNN4MBQjkRisGEJ4c+xiaKH8DUw=":{"valueMac":{"type":"Buffer","data":"JHn+Y3BE/1cx/wXm4FTQfFc9ucKCn/D/xVx1kgTbXzk="}}}}