{"version":29,"hash":{"type":"Buffer","data":"ZYl8NVmBM+6ZJOeD5GkU3vo5uuvF5/J4Az7Yvjzmlretj2Z0t+NqGLjSpY+HVfpplylKOCynU/lXNF0DsczpoYxMLd+YLTIjdUIpDr57DTL5KvUOUni115U3JP1kviwJ2GyBkXL70+XJ33o7EYsQO5ynXZJaisa0AQ9v9EoTtmo="},"indexValueMap":{"H7e3UAv1G7boPsEZS17m21fL86RK4UaXTayvyOwgHAI=":{"valueMac":{"type":"Buffer","data":"sXYevPLIwADrhJ+oQuu5MvKtHDlI+gxOLDniKrJLPpc="}},"VK5XyOTTZ0FUxqXuTuwBdcuQ5Ht4E5Er151Ld2Y+F00=":{"valueMac":{"type":"Buffer","data":"WKvzAeLruX/A9dQp9AWIy574QCEiuOD6Tc0vh9Se008="}},"W57pLM17Gy04VsG1uZ6AFqi2mVtKGutZREWO9m14UOQ=":{"valueMac":{"type":"Buffer","data":"gFBJ3Kl9NC06l0t00zHSSMyHEciwkjBLrkKAT5mYw4E="}},"YlUkApbB71vYLZdgS52/eGdDTnpH2XDXwhA5pew5vik=":{"valueMac":{"type":"Buffer","data":"HQ9fgENPu4kBOFzEYBFyY5guTYHY2meylAWDpWw2iEQ="}},"ex7Oyw73QDksNFAz+aFWxkcWt5zM5FQ7bb8ND5iK/sM=":{"valueMac":{"type":"Buffer","data":"Jqk5FMGrFrJ1rZH/mqsuAhAqNAWZS4SvKam2efJOKDk="}},"fAGRiqaEFpoHU7+GiBNB2FYwyw/BxsfCQQzoGIwyWoE=":{"valueMac":{"type":"Buffer","data":"I08/Dte7kAdCizyx/+FTAjSYLCX+xynXbSqcKGyU/aY="}},"gQbRt6lCrn08IbBu8rYYpgmS99MDeFiBp8YfJAapGOc=":{"valueMac":{"type":"Buffer","data":"rkkXNdJcVYfIYTQCMW2oPQs1m/Vf2CTFuwDaAv9p5FY="}},"iODqOWeLSJoS71N3ibc7KI8UlPnt31ssIHqewmuhXe4=":{"valueMac":{"type":"Buffer","data":"USxTnAyf1NIPawS1GSQftq/EfXSvPGpdc9GGNN6VX/I="}},"mmKIkzma37JbcGpcSrVzLcgbtr44grcaFvRxiIDwBws=":{"valueMac":{"type":"Buffer","data":"8tetFcB0QlmTL8qxgO/ZYNqmdDtA0FyYJ0I053hjeLg="}},"ow6h5oih78myviEOPhu4Gp3y+cww3wFNyMExzelj5xE=":{"valueMac":{"type":"Buffer","data":"MCxCPVJEfMFdmUq2raX7ZRkdWEMKBvrMXHqF2kJwzkM="}},"qQd9awSwaoJTn22ojkrmi3UV64uH+RoiLeurOLYtIo8=":{"valueMac":{"type":"Buffer","data":"o4WwjDYQA+BIu5TgEh9uUtuefEtpU6DnjzNnhnfDTtA="}},"s/tn18241d8OnLantuHgpGlUZ5ryDpQtPSyeKIVyudY=":{"valueMac":{"type":"Buffer","data":"xICy3DrzNRzfzPibTIbUPv9K50JQOFafv7hdhromopU="}},"tnwglBFXtA1k9Lioq2c05YvS8IyynEegEZDwJpUaXwE=":{"valueMac":{"type":"Buffer","data":"zgawYwJU/CrTmCARYlzv0URPlpsFEB51bGPJStUCAUw="}},"veFLDnYR4k+fijFsE1FShf6QdC8RbE/lJJSIrEqQ5yI=":{"valueMac":{"type":"Buffer","data":"FYIvBn2UKS/+N/UnC/dkLkXm5UTds8+bOlF9zTOabRg="}},"/A14gpRQIiWzc9vQ5RKQTth8sEi5F+i4kLqDK3+ftx8=":{"valueMac":{"type":"Buffer","data":"TacPepQs9MQdo0XCsMiJ77fg/nBkkPKa8skxWCZen5Y="}},"/54ZJ0ZP5es80q/NfdcFmzYfhThO55F1UMpyjz5kdko=":{"valueMac":{"type":"Buffer","data":"Y8bsaWxuDiDCrQOOtBB5L+ZZJND10z0jna5XOlUO76A="}},"tebDO4uNaM5yfhZflCf3KUlD7Q/n7d29Dd2O7sS9K0k=":{"valueMac":{"type":"Buffer","data":"wG3gSqUSETf04r3luzQbECHCF562xI1l/B0h2YOszZI="}},"wmlumfCUJcxf6CZxUyA791W+FGENDMuLAKRw08UvpTs=":{"valueMac":{"type":"Buffer","data":"3BeFHi7dldQ0Agu8v3uFQJhLkgIbB4c88ReZjSn8VHo="}},"/LA9fwb3Y/HLnD/jTunG2kO2do0zrPKcsMyYp4yrF0I=":{"valueMac":{"type":"Buffer","data":"VK1tcnIJZwyuzQPKqGD8t2j8VJH1GnLzbym6RsDPhc4="}},"clHFiPdie9nQCHL9Db9kC/bLdZ1R/fzv4BRNqkdadM8=":{"valueMac":{"type":"Buffer","data":"7cP9DCInp+VWm4NArUjqbbeZCtvnr2qBixZaLyo5fTk="}}}}