{"version":73,"hash":{"type":"Buffer","data":"nHdVOAir2dqNf7SPyPfVbmlsL8kupMJjSYOdorH30Zf5FohZqxK0DjhJTCEWWMcuSfRGQGP1cXb0baI3IQi3ZS3M162t4OPWNQh1Sj96LtPfGtw/5AmUJokQxeR0XbS1CUyfAiShM3zdCTki/htY9LKpL+Ph/H3Y6PCankGt7/Y="},"indexValueMap":{"CsIPg9+rHDNaSeXaCf5Qg1FqGBT5ovkqLC6UAhyXR9o=":{"valueMac":{"type":"Buffer","data":"fUS2+S+yul+hjlUmw85y0Bwgl+dn5YbKKPMeEvZWal0="}},"Ehnk2xc/W2p3PumvyyrdGSf9of66I+Cd3KH0+Rz6VoU=":{"valueMac":{"type":"Buffer","data":"ZAFCwPIH3hleFXqnJxypQh8BAaYTm8CYwGYeFIYnzJA="}},"Fv9779E0I+G+3/SE94YiUdO/KMq8v4qdc5XBPOfvZz0=":{"valueMac":{"type":"Buffer","data":"Nq45zki8bRzOT+GbPowhFh6qKFBPTC854dFSNKujGuA="}},"FyMf6GIp6h6ZBFb/TuUpZhK//NmP1/IfgLmKMeo/TF4=":{"valueMac":{"type":"Buffer","data":"XU1it3sMJGT7ox4QWJNyeviPA/SxDccSsO2GIm+83ds="}},"GO9k6NDoRSxpZO0lQ5bPLJzbMtpoNA9ERmbdfsTvffU=":{"valueMac":{"type":"Buffer","data":"XvshDaSKsq1W/Wl8kB/td3ttkbn5hkI7Zk/EDFgYH7M="}},"GlCDihixRemGKNTWQILr4kev/9hxpkDpLSMfYjQl20g=":{"valueMac":{"type":"Buffer","data":"c/MGVoncHNfehQlJK11ZKU4R0EetDI8MWloZgp3cqXI="}},"IhE08zqQ1RO+CdzI81GL0rrpOShw+sKcG2EcmxpkcWs=":{"valueMac":{"type":"Buffer","data":"bbUj3x/pZVvXvxFm75PtPV2cvoAQ+msHXG4Z95b4tJQ="}},"InETMGLpgU1h7T4VBAtHWtSXW6WMGFj69UgtZv3GWWE=":{"valueMac":{"type":"Buffer","data":"wKaMWsGEF0yXWxeJF/2GWfQMe4Jslo/pVk9MjLm4M70="}},"Iqyv3kV4YHswO93AB1DsPTV8Q2nWWCWiTbmtlpEKZp4=":{"valueMac":{"type":"Buffer","data":"FaG+0iQ9K2gEAr7SVayN9eT2HRKD+3I3ruNSFyFhqRw="}},"Jl2g+/vRf03Njf4yKm7EiP84PZye4N+1KzJYdY9dmwA=":{"valueMac":{"type":"Buffer","data":"FxNlwcmgZVELsj+ysnZceQR0g7Ds1Pd+rde517PbIj8="}},"JuJ5NQU8QapelJbcsPtkYefmBzyHbGZSV6QGf7mQpH8=":{"valueMac":{"type":"Buffer","data":"vscQ3UEhKVNjqz9Gs2qFxJHzpXuWCM0hf8PtVgv+fhw="}},"MTtSa9e77rNZVgKtx3g326JkUR/TjzIp0+iPR/XP/Io=":{"valueMac":{"type":"Buffer","data":"P6GOnlU+BtSj6DCPLoYbWEiHllhogE+KJ+CSbMzU97Y="}},"Ncr5m9AvhI2VKhJArm6UzW96Um8MjZPZ1Zu5UgFnjkI=":{"valueMac":{"type":"Buffer","data":"6UC4WuIQfklsrjoe8a+uJDZHQkfUTTAd+aiKPlhGvvw="}},"OKrmUjMmwqDGJePWnSqAINs2HQlGs4CjQv91M4xnAaI=":{"valueMac":{"type":"Buffer","data":"E27cpBFFoMZDWE8TUXJD7ILT5k6ZgTMNsKWJ6QF6cXo="}},"Ol0hIY6ftmjn1hYo7I2FqqxgJeOkT07wYeZtvSIe5vI=":{"valueMac":{"type":"Buffer","data":"pj/5PrKys4AxZB+Cyg5d6IXnictyjN8swkOvRGPeGWg="}},"Rwq460t+fbDUZ9FaXrabrPhGrbLWigCMdWLYN+LFh14=":{"valueMac":{"type":"Buffer","data":"crnNORHXY5AmISngOg4dsJccbiNber+LSxNHo9iTXOM="}},"SHx+2AwHo6G5rNQibScue4FaC6qoxwWQ0Ei5eHhX+cU=":{"valueMac":{"type":"Buffer","data":"6C99S85bv43g59c1Tpk7ELG5GdgHAAaIhIA+9S12k4o="}},"TYjzPkZIq3VVKUp3lMJ6P3GcqJLes0uMSG7HJWK3FPI=":{"valueMac":{"type":"Buffer","data":"tucXnf3mi5U38KzWFD82W7oqGiMfd9DkWrOlLBK9kGo="}},"UCEGlABInLNbZ7Xm9Dzkm6SobrafnR3kv6vS+jolYhI=":{"valueMac":{"type":"Buffer","data":"/eN73zI9UFEYVhgPd+3FbfoedlUBjtuGKkmwt+km1a8="}},"U7YTiYqxKq0Mr0tmO9b8FGlVy910gMWXjUwfkWneKR8=":{"valueMac":{"type":"Buffer","data":"bptz9XQY2S0VOWm2v3k7hgGlRMAebdDa4ea1t6WBoCA="}},"Vum3i+Nx9JLKv7XYs+LYC7JVEGJAaML9VdygGrGBLzs=":{"valueMac":{"type":"Buffer","data":"f8diFRN+lcggmkMjhdcNfKmYsksmSuzAa7uKid0Q/u0="}},"V3KAWQBVCe86Q+QihbR5nFcLompQklL4ikpaeaIrM8c=":{"valueMac":{"type":"Buffer","data":"f/49j8+MGGnxr+4SwD4X8cDaRowVw0oyC7Z+8T7CoUc="}},"WB2H2u2ydWYioJBwQqdhsgUAPQIUky4H/+UlTkZ1wsE=":{"valueMac":{"type":"Buffer","data":"fYgpbwrl9C1WSvJAI4attzwu+aWZOkTlUjfLUgNaC6w="}},"W0ShrOco9w7vpWxl5CfCvjidKWUs8ELtpcMeFgNGWbA=":{"valueMac":{"type":"Buffer","data":"PpbTuZ6vQY6m0zhL8uQuLhAzLR6ctgWm3h4D40Go5rk="}},"YHmJLqf+/qHXJ7UEszXa2iTpVrGhHIFY0b0onB8/vZI=":{"valueMac":{"type":"Buffer","data":"YYPaRZadiUZSKMi/BKEtI1j7OJnGHXW06qpc5lLEGw8="}},"YTBfcXwM9CHSa2EZQiHDCf3gn52BW3xk9X9AHDAn0V4=":{"valueMac":{"type":"Buffer","data":"idsh6pjDdMfH5PK/BYAA8DzWBy68bDO3NR43r/B22S4="}},"aifft8HTAx/qomAZRazy5l02NcGcgJ/rG2UcF6nB1J0=":{"valueMac":{"type":"Buffer","data":"fxYf8w1CEPhwLNkcpS+y0zYUBkq3mWAKcEP2qfzgTk8="}},"akpOuF9XHu41XHSmpz11W03Yx5JreuqWsltBXsguZ50=":{"valueMac":{"type":"Buffer","data":"afS/uNSRdUr6PELyEQlY+2wPsoK4gGmiMm09LQr/Bfw="}},"a5/VToTqutSB3qrbaifCUOlWdH3kgRKy5sQms/0j+rg=":{"valueMac":{"type":"Buffer","data":"8TsvwJsRzbIODv/1ce/FKQdxRnFUVjrYq+aRXwh0+8w="}},"bDHg3Y53qasfOx4Fmlczz9Ay8fRL0Q0QLbiG+U7yCW8=":{"valueMac":{"type":"Buffer","data":"Mue8DvmvF9GX7ikJa8uPM1ZfcTtL7+4UMCiDxqTxT7Y="}},"bUaB3qgdSiZg+y+0xCuVMgkizzniaertXBacsgTVd10=":{"valueMac":{"type":"Buffer","data":"LTiOMqLToFJHGcT0v2/vP3MAc71ZS4yfI0Z5th4EJH8="}},"b2Gy5bnNBF+J+IdoWhFR8p6MyCAXlsI8DgdLQpXLxDI=":{"valueMac":{"type":"Buffer","data":"Akpn7nrqjn2uiIhKjZO/dCDS+eHE2fIFGQnZrGDhbV8="}},"b5Uzfv8rbc66OZ2pxOteYD+i8dfqo8d0Gcdm+BrCOl4=":{"valueMac":{"type":"Buffer","data":"vSPtQc+1EN1yTtMcWZrHZdpbekRyDhi2vWpEefKSbjU="}},"cGAmBRieCSFtEduyxjyhU/uqQkMPrgs55RoAuGlC+1s=":{"valueMac":{"type":"Buffer","data":"yTmiJ+rVkRiBuTll+Pm1ddvw0KmI7b7e2KC4v5+eF8c="}},"dWqgl35Ke4S8A5zDMJ/bDfXEp1sSXmAjrFyCqPtBwmM=":{"valueMac":{"type":"Buffer","data":"bO54VfVqCMmfgU7wr0pfWhGElcg9ur1G3FyJ3YWBXcM="}},"dhu7/2iTtbzmzHwxvTePt5JZEX4xd/cHKIz6qXs2wfc=":{"valueMac":{"type":"Buffer","data":"Zxhhfn1S8lEQzSKy9axxPWxXIsNiTRxKsCVtk3JeiD4="}},"drsHtyGdg3k1YJOHRY/FsRG/WLt8zxT3vqZcmpZGzcM=":{"valueMac":{"type":"Buffer","data":"7rix6RW0TmvqqGE7mdgiCYdZYw6rj72AL/KlB0Tv+wU="}},"ehMhinJ2FdBs57h+CZzPy9VDJBf/m9Y2KSwabXryOLo=":{"valueMac":{"type":"Buffer","data":"u+4r+t8ZrXj9IyOCg5LoBklSSz5cQMTD0sHDrxaLppo="}},"esnK5uVVLE3YLwbx9d2sQ8Mx0WcN6BKR2Ngyzmqsyyo=":{"valueMac":{"type":"Buffer","data":"xQEnKdLFzdxP4HJL4im/aigZmB32tAiMjUMUaVDHKZI="}},"e8xyl7m6rz62GL2uLkJ6jV/GNQy1QBegIdFMAVA5mow=":{"valueMac":{"type":"Buffer","data":"FL8blMMYxW7wzhgah88fZzh7T2UsbsVfUp05UdU1E2E="}},"fh4abEh4X7s1rs0TgqhCDKxgXvEycUMMCWA9MKrr4PQ=":{"valueMac":{"type":"Buffer","data":"bsAneEX1+L+kx6rkKRUVyLO7GA1yDrqC+Wwmj4tFrNg="}},"flwZOsVCeHl6V0Y3wSnSO12YnKxCsjpREpdmBxvBXgw=":{"valueMac":{"type":"Buffer","data":"x9kDvKmrWOQbOWXJOC4DLhtlyQ6Ck4AoCRUZOUhVQfY="}},"gcXT3scnjWnF1B0EC5TxK8J4Ti8+88KFjpEVatEcB+Q=":{"valueMac":{"type":"Buffer","data":"5QM4tx1T04Bkx6i84AQ4CAWzBHUJxBRoOaovR8Mi3uk="}},"iJxYvzdxccTOVWnjbyk3jsg+bFxnfbMZ+08PW0DKiWQ=":{"valueMac":{"type":"Buffer","data":"e6Yo0//40kzak0pOJ2QQMTGw1ncstSM+IAAfZ2FSOig="}},"iwZou/FGvixoZPuWT5rLV6e60snSzaWUYghnTbPYPSU=":{"valueMac":{"type":"Buffer","data":"4g6Yc+ix7A/C3kjpWJiAOMW6Zz6Q8+n0Lj+rXEotfmE="}},"ko1WrY/TcMztmQA6POBdKzgHbMXNUQf6s7KtQ56WLYg=":{"valueMac":{"type":"Buffer","data":"CgBHm2Jr5YeaFnHaSxfODiEOed8+UHlXrV+ke5MOKRI="}},"lzsg/x7Ou84E981PIfzWQDJUqaSH96CH/NB4KhOr0mg=":{"valueMac":{"type":"Buffer","data":"IzVO3zMjk5HBECQKzrxBVZFhYciFs4khi6mOD7QAQp4="}},"nC3BbxUJntiJe9ncJwuwo5fM2mLKwjCsnYvsZblcmVk=":{"valueMac":{"type":"Buffer","data":"dUEqQULy2rPo3onIVE1B13gcQ2M3fTNtKBSwpql3ISk="}},"nJWFWN2o5QKXiyTgdpWgH2+LGIqLHlHRjKTw1Z5B/Ow=":{"valueMac":{"type":"Buffer","data":"OoOXXSsl2RXVzE5eHRSE5LQsRAx3AVuQO04ospnrY/Q="}},"nWB1i7hLIXQxLR9q38DkVVyXDuXxBLauxYUL4Tb+eSI=":{"valueMac":{"type":"Buffer","data":"Hxf13KkuDre3DIU21FwBBC6BmKMyvBGETKyciknsn2I="}},"nbFBUczYr2nAMsnHkjuCG1h94DryFXUECLRFD96OEOM=":{"valueMac":{"type":"Buffer","data":"Sr4UFuBcOZKqlM/ZdsYgBql5fhpL6tRU8hPO1bSZcTE="}},"nx9pm8tgZhpMPW2uP9o0JE1lVc/n8gfDIyNcQj4LKeo=":{"valueMac":{"type":"Buffer","data":"wlZO6crOZZMcogknLQe0T4VRTcBilDW8Kq5hh/nl7NI="}},"owcJNnSHBDwfCFVSLcP6mCukP+PQkVogZ3q7erG4isY=":{"valueMac":{"type":"Buffer","data":"zB0dwMtcf9DBn7lh8CikUeaGMwoUfVWCtdD5Dyl1x10="}},"pqPrD7aq1ampS/fJDXmAjl89hAsaA3CQcHSpCL8cmx0=":{"valueMac":{"type":"Buffer","data":"ky0JBqaWxOZH6YLGxHWE2zsvFtgArfk8k2HrRFnfMiE="}},"r0c6KYPRsflA3k6qyBsPl/ekxnWXvD2ax68VA3WGJSs=":{"valueMac":{"type":"Buffer","data":"M/eBrqsklcgPsBwARn/3uwrX5q41yWiDHKjGfa7dwS8="}},"sV0+QCWlNM06R4Yzkbm2oo7YJOCd87+aLVY5PqqGOsA=":{"valueMac":{"type":"Buffer","data":"09JBWBaPCfw9c+M53oXUHik/9JiRIDIW1MCYjVJfB4E="}},"sjlSlOPbb5VymzP0I5ec7redQHfKgzih3qG5ET8p+Vw=":{"valueMac":{"type":"Buffer","data":"IWHdGdPJFupSH3YP8BGvdy2Psoh7WciUYiuFE1yhjJw="}},"vhE2hxN2WkSakYLAmVXrzpW630Df/xmL+XY19asKjsw=":{"valueMac":{"type":"Buffer","data":"xqhEu0W2VVkdalxjPpb2pv5tDuHtBCPIkroxeKFmARg="}},"xUZecWkYiPV3YRtblZO3WSjNRynv5HITlwmkktOab2k=":{"valueMac":{"type":"Buffer","data":"YTUxmgXyNH5tX8Xmlz6sZA1kU9ivIlCQ6w3yR3zI1gQ="}},"yPh+B6aeeyqXqjsvMqz/nMfEfeiCNdHgQgXI7Q8oHqs=":{"valueMac":{"type":"Buffer","data":"27LUd4GTQKw8advlejo+6vi6YVhj5ujOT4TIR5O6WDg="}},"yXZzN6OlNfEgybhmxN26TxSzExY7V5PCNlJjMCcBPz8=":{"valueMac":{"type":"Buffer","data":"Cwx66pEQM4JGbgVy+txM7BlV3w8KGOMRZf2igl63Rpw="}},"ylHsH9qQurwSOYPkXSCe+hHbZuM+AtCCvPuafQ8/4WI=":{"valueMac":{"type":"Buffer","data":"h/BZKRN1Jt2qcV49xRZESv2YBdYqkluHRUP+ZzX1r+k="}},"y75WXaA6OzXKL6bLHddZKCcsN+tgbE4hJiIdqdGD0tw=":{"valueMac":{"type":"Buffer","data":"IIA8hN15a6BVbqiwBAv5x706qOFeUPOZHXDPS5Zim1w="}},"1T4llaHSPrNd6uuUcuLoDaReuFL0OZ6wCCIUUtW5SYs=":{"valueMac":{"type":"Buffer","data":"v/n/8enw3AzYjh0Jqp+LqyEx/q2kQzdAQsj12w4JU38="}},"13URrlYGChQCde9fgVFZ5fzxabW6RhRutWkGcyfYECw=":{"valueMac":{"type":"Buffer","data":"edGuZoiN7Z6ueb7pQHkjYXxEDk9onYxZ76h90TCE60k="}},"23dOeaI3rqmYg/FH/OzdTKW8MNcbP2ass0wYfK3uq+U=":{"valueMac":{"type":"Buffer","data":"fWPbY5vzYAwH0Xwq5RZSroWKmHxa4MMASBQgW7VIu2w="}},"5TzYYWxH2O1hdZgeL/2Y6guina4IWa+gt+FceEDzboU=":{"valueMac":{"type":"Buffer","data":"a0DRn79xPkZobHpQ+LXw3LrSulTP29Y9HNbLmQ+CuHs="}},"5kySW838BYglrXG7PCu+AgwII7OsmFHz8xlAkDf01dY=":{"valueMac":{"type":"Buffer","data":"MVjI/+pUE2khd3QOuTJR3Hwgr1vGbDgpNw5o0sQZyvQ="}},"7p8ZBtOCfwJagGMQHEZr8gnk99Td9Imj3YWxd6cMbFo=":{"valueMac":{"type":"Buffer","data":"Ui5o5sTqFWAMXx4BveeRyv85ZKY37HY9c0ccQzw0Rcg="}},"9inQZdujVkxPvS58Ca/Cr4h8Jt1nnKEpc/60MU+YReM=":{"valueMac":{"type":"Buffer","data":"cQHHCnbWeE3+ZhXS9rDm16NStkx3jaKG3iQjsyx42xo="}},"+XvdTLjnH4YXHmovOOUIW4ebYvmMeyjiEjaCDqSTEOc=":{"valueMac":{"type":"Buffer","data":"1ZjE0T8OtQELY4OG+P0fOoBAxMH7MKIUr8QYmn35MDk="}},"/IB+/QcF1bQJI2FJCmW2oE1cXEYOEX6nMV3TlTKW5Vc=":{"valueMac":{"type":"Buffer","data":"yVyCaNSqVl/yY0gkZmVirnk7PaoviK6tEGFIGJmiY/Q="}},"aIrHJ3d0A0JHhK/XDnIXtsd6V8IeOnlt6S7bLZo5aEo=":{"valueMac":{"type":"Buffer","data":"zWR5E4UNTdvKZyBrKrKmu4bS8rWRZGzIh2e8p7JbzI8="}}}}