{"noiseKey":{"private":{"type":"Buffer","data":"YPS/bDM0+wrNtJXsC3pibVlvoPpo6/1fTA9isozwqX0="},"public":{"type":"Buffer","data":"Vi4qL1dUJRwENE6WS+Vl/ON6lVZiFczQmRknidkZNn8="}},"pairingEphemeralKeyPair":{"private":{"type":"Buffer","data":"eJh5A9aUacm7ihvh3ZujJmj6PGh4xDmHfFGJwQqsUVk="},"public":{"type":"Buffer","data":"BjdEsht7RdlFS6nfa4KsgVDraJMIYLU5nN0F6azPzHY="}},"signedIdentityKey":{"private":{"type":"Buffer","data":"WHP9SxG/KfPcfsPKNk25vioOuw8X1s1Wa6j3A4vkB2Y="},"public":{"type":"Buffer","data":"flWgKqEXmFOptP7+UqjdMzFMyPyPZaMZPlUj+WRNJSA="}},"signedPreKey":{"keyPair":{"private":{"type":"Buffer","data":"WElQaFKbhDNkTsIKUCOYsxRaoQ8piknQunoUKr5CP2M="},"public":{"type":"Buffer","data":"OJqMjG5XQ0VhGaExwouvWF2K7u9KbCizCtuOzG/9NFM="}},"signature":{"type":"Buffer","data":"c9ZmCao+BIu6+q4nAKRtY/GdqbWJjY3CY7EZV3f5T+LmRwp8JxPWHp2XNnnUTQ53pfvfFaJl9cgO2TfHMp8fhg=="},"keyId":1},"registrationId":202,"advSecretKey":"wVzs/pFNLT0y3L0dyjj1yDJ4jOdD4+xn5+JBoMpyYE4=","processedHistoryMessages":[],"nextPreKeyId":31,"firstUnuploadedPreKeyId":31,"accountSyncCounter":1,"accountSettings":{"unarchiveChats":false},"deviceId":"v7h-74ueSYuD7xDV-c6CEw","phoneId":"0e615b8a-4adc-4a93-84bb-82cd72ed9f29","identityId":{"type":"Buffer","data":"dcKUtSA9s7C9zyOZEGoV1Yp/k2M="},"registered":false,"backupToken":{"type":"Buffer","data":"XskMpu3UTPphzs3GLysg78F8Hbs="},"registration":{},"account":{"details":"CP+MlLAEEJTtkasGGAc=","accountSignatureKey":"yiAApr01AawqGig0KzbkIRxRmdclUXUE2SaMC48GkwA=","accountSignature":"nycleP2SFM70mSq4wamlPBsVA9MBPnUIuFKxqw2lTmQ5Mrw1lSvyYdKQeyw5c4ZvlR521eBMNXIwcVHmiU9SBQ==","deviceSignature":"N8sIiSs/xeQZXy3CqYcYqDfAoqk7Iyco07yBQXnTH2iFgraVkjHLCtlMgL8Gdr6Vj+kPkHz/2zH1k0sQj+XXjQ=="},"me":{"id":"94719370832:7@s.whatsapp.net","name":"චුටි පුතා"},"signalIdentities":[{"identifier":{"name":"94719370832:7@s.whatsapp.net","deviceId":0},"identifierKey":{"type":"Buffer","data":"BcogAKa9NQGsKhooNCs25CEcUZnXJVF1BNkmjAuPBpMA"}}],"platform":"smba","lastAccountSyncTimestamp":1701082775,"myAppStateKeyId":"AAAAAAQM"}