{"_sessions":{"BUj9CK1EebBWcLe6hPYNaJ+WvsH9rQvpKvKdf3tnXEFg":{"registrationId":73,"currentRatchet":{"ephemeralKeyPair":{"pubKey":"BZGURNPyNJldqwJQzzvrUcaS9731DZvm0GNzI3mIzfR/","privKey":"GGVw4I/nwjUXIpVbEaJWEH74eaZ3AUxH++MuYGlhtkU="},"lastRemoteEphemeralKey":"BRocZnDtpGxlGY8Z1X4tqLLn1Aniqf0WWni85MBWWNwx","previousCounter":0,"rootKey":"YtXCb9zAX+WMqG9lvLj0eLqoD0ngpktCvTcKJ1xGtk4="},"indexInfo":{"baseKey":"BUj9CK1EebBWcLe6hPYNaJ+WvsH9rQvpKvKdf3tnXEFg","baseKeyType":1,"closed":-1,"used":1701082787688,"created":1701082787688,"remoteIdentityKey":"BRLZ5Yw+8/LIpLj6HH6kgKyBA/BoVH/rwk6W40o3Dz5A"},"_chains":{"BZGURNPyNJldqwJQzzvrUcaS9731DZvm0GNzI3mIzfR/":{"chainKey":{"counter":1,"key":"DfXe8ZPgiZJyMTSwOTAkqoL8JTQVraMF2SODenkpJ1g="},"chainType":1,"messageKeys":{}}},"pendingPreKey":{"signedKeyId":1,"baseKey":"BUj9CK1EebBWcLe6hPYNaJ+WvsH9rQvpKvKdf3tnXEFg","preKeyId":1720}}},"version":"v1"}