{"_sessions":{"BWede09oER/1eU9fJhGcTSg0Dyq3KOMB1STAsv8aQqZp":{"registrationId":331943970,"currentRatchet":{"ephemeralKeyPair":{"pubKey":"BXVz5+rUC5lT//0k5lSJDG7afdhC1lAZQ2nsrsd9uhdN","privKey":"WJ50vpHK7kIya7y/504OErICq0wtrn0gavxChO4o2Xg="},"lastRemoteEphemeralKey":"BSOq/3GbiGAOVdWv+8DLQN72XNfb4/ipuekEs2coPX1/","previousCounter":0,"rootKey":"qlSqh+pCAM2nQBPmYojg5c20dPHaDKo/KCEqUCrX4Tw="},"indexInfo":{"baseKey":"BWede09oER/1eU9fJhGcTSg0Dyq3KOMB1STAsv8aQqZp","baseKeyType":2,"closed":-1,"used":1701082777029,"created":1701082777029,"remoteIdentityKey":"BcogAKa9NQGsKhooNCs25CEcUZnXJVF1BNkmjAuPBpMA"},"_chains":{"BSOq/3GbiGAOVdWv+8DLQN72XNfb4/ipuekEs2coPX1/":{"chainKey":{"counter":2,"key":"QqmgV2lXoBgzXOR3GJIOkwjlM3f/Auk1AIzNlRTGCIc="},"chainType":2,"messageKeys":{}},"BXVz5+rUC5lT//0k5lSJDG7afdhC1lAZQ2nsrsd9uhdN":{"chainKey":{"counter":3,"key":"1/FzRQij0F87im10DYDzyWdn6ni3cu6vpe624EQDrFs="},"chainType":1,"messageKeys":{}}}}},"version":"v1"}