{"_sessions":{"BWM/9Y0+I3VXqcX2379dKDV3Mff/uxAfZJtSM2fhpYF2":{"registrationId":142,"currentRatchet":{"ephemeralKeyPair":{"pubKey":"BWF/eypxsaXvbNxjeFpgyDi54C7qqZZHNBaKG+WrMzZT","privKey":"EOfXnPqYjmUq54zJ+cDAzuINjy6l2s1hM7Y9L7ia/l8="},"lastRemoteEphemeralKey":"BRa3aSGzejDjuWwshCd0n6oFfa0UVwYjyF1ot9cV3jZA","previousCounter":0,"rootKey":"YtpR+yIJ+lAPHTMpCx601x7ZeyxU+5h7/2aZ3Ine3P8="},"indexInfo":{"baseKey":"BWM/9Y0+I3VXqcX2379dKDV3Mff/uxAfZJtSM2fhpYF2","baseKeyType":1,"closed":-1,"used":1701082787690,"created":1701082787690,"remoteIdentityKey":"BT/vQckIL3TpRvmh89THyn9lQPkXf81X/hZ6Gurbs1h2"},"_chains":{"BWF/eypxsaXvbNxjeFpgyDi54C7qqZZHNBaKG+WrMzZT":{"chainKey":{"counter":1,"key":"iBi9lrIOVggupN1kb8sVBBYjfs2Cdi6JVI3s6KMaVAE="},"chainType":1,"messageKeys":{}}},"pendingPreKey":{"signedKeyId":1,"baseKey":"BWM/9Y0+I3VXqcX2379dKDV3Mff/uxAfZJtSM2fhpYF2"}}},"version":"v1"}