{"_sessions":{"BdWogczCGkqheluKw0xFlIqrlPgQbnBFh0InLVJhU4dZ":{"registrationId":102,"currentRatchet":{"ephemeralKeyPair":{"pubKey":"BRiJgDscS3iM/kXdUKizxvQ7iLjfsZl6FxOKlzBRpt5o","privKey":"cH/CctfA4odKgwMnx7Yw44baaH/jkM1OVs2L4M01YFs="},"lastRemoteEphemeralKey":"BYYQFJvaGuAZacr6oEXlqQTnAgq0p6Tz9krtIsGq91cB","previousCounter":0,"rootKey":"CSmK08vC5xf5sjjhKcLcj0ykSL3GKB5wQzcnEjqldng="},"indexInfo":{"baseKey":"BdWogczCGkqheluKw0xFlIqrlPgQbnBFh0InLVJhU4dZ","baseKeyType":1,"closed":-1,"used":1701082787693,"created":1701082787693,"remoteIdentityKey":"BS7sXaSmX08tH5427xxCzVZCZIiHYaR2J/yOjkbOhJ4W"},"_chains":{"BRiJgDscS3iM/kXdUKizxvQ7iLjfsZl6FxOKlzBRpt5o":{"chainKey":{"counter":1,"key":"ESnTMLP3D/dffkAK2+kF7LcpGxNV0iUF/Z2gFNQJnb8="},"chainType":1,"messageKeys":{}}},"pendingPreKey":{"signedKeyId":1,"baseKey":"BdWogczCGkqheluKw0xFlIqrlPgQbnBFh0InLVJhU4dZ","preKeyId":18}}},"version":"v1"}